Date,Open,High,Low,Close
07/07/2023,33837.07,34036.38,33716.75,33734.88
07/06/2023,34171.39,34171.39,33771.47,33922.26
07/05/2023,34344.72,34376.11,34226.98,34288.64
07/03/2023,34369.78,34465.60,34286.54,34418.47
06/30/2023,34269.92,34467.35,34269.92,34407.60
06/29/2023,33854.57,34147.68,33828.63,34122.42
06/28/2023,33881.38,33903.76,33755.92,33852.66
06/27/2023,33739.03,33975.65,33730.39,33926.74
06/26/2023,33730.79,33819.49,33610.32,33714.71
06/23/2023,33835.66,33835.66,33646.49,33727.43
06/22/2023,33900.47,34003.56,33835.39,33946.71
06/21/2023,33990.56,34097.93,33876.17,33951.52
06/20/2023,34206.66,34206.66,33915.93,34053.87
06/16/2023,34464.02,34588.68,34285.69,34299.12
06/15/2023,33945.98,34488.98,33945.98,34408.06
06/14/2023,34044.70,34151.42,33783.55,33979.33
06/13/2023,34111.08,34310.28,34107.98,34212.12
06/12/2023,33906.80,34077.84,33878.46,34066.33
06/09/2023,33852.44,33975.32,33787.16,33876.78
06/08/2023,33656.98,33873.81,33630.04,33833.61
06/07/2023,33562.47,33708.78,33546.11,33665.02
06/06/2023,33547.67,33631.25,33399.69,33573.28
06/05/2023,33771.13,33804.22,33552.79,33562.86
06/02/2023,33187.58,33805.00,33187.58,33762.76
06/01/2023,32929.85,33167.75,32704.51,33061.57
05/31/2023,32948.71,32984.83,32739.73,32908.27
05/30/2023,33103.65,33132.70,32893.97,33042.78
05/26/2023,32795.50,33162.06,32795.50,33093.34
05/25/2023,32854.26,32870.43,32586.56,32764.65
05/24/2023,33021.76,33031.75,32752.44,32799.92
05/23/2023,33190.60,33310.17,33013.29,33055.51
05/22/2023,33408.54,33512.30,33207.85,33286.58
05/19/2023,33582.95,33652.90,33336.66,33426.63
05/18/2023,33374.56,33579.91,33212.09,33535.91
05/17/2023,33092.48,33472.38,33050.41,33420.77
05/16/2023,33275.37,33290.85,33006.19,33012.14
05/15/2023,33321.21,33400.30,33161.93,33348.60
05/12/2023,33370.58,33406.40,33110.61,33300.62
05/11/2023,33383.89,33389.88,33127.70,33309.51
05/10/2023,33707.20,33772.09,33239.45,33531.33
05/09/2023,33589.85,33656.40,33509.72,33561.81
05/08/2023,33715.15,33747.49,33509.23,33618.69
05/05/2023,33248.55,33748.43,33248.55,33674.38
05/04/2023,33347.78,33354.86,32937.50,33127.74
05/03/2023,33726.64,33811.84,33396.05,33414.24
05/02/2023,34017.62,34017.75,33436.66,33684.53
05/01/2023,34116.81,34257.83,34030.14,34051.70
04/28/2023,33797.43,34104.56,33728.40,34098.16
04/27/2023,33381.66,33859.75,33374.65,33826.16
04/26/2023,33596.34,33645.83,33235.85,33301.87
04/25/2023,33828.34,33875.49,33525.39,33530.83
04/24/2023,33805.04,33891.15,33726.09,33875.40
04/21/2023,33793.60,33858.83,33688.57,33808.96
04/20/2023,33740.60,33875.39,33677.74,33786.62
04/19/2023,33889.83,33957.98,33814.65,33897.01
04/18/2023,33965.16,34018.62,33791.89,33976.63
04/17/2023,33930.46,33991.23,33796.91,33987.18
04/14/2023,33981.71,34082.94,33730.85,33886.47
04/13/2023,33668.97,34054.99,33605.17,34029.69
04/12/2023,33764.21,33895.43,33593.32,33646.50
04/11/2023,33586.75,33781.29,33586.75,33684.79
04/10/2023,33425.25,33590.24,33343.43,33586.52
04/06/2023,33420.96,33525.96,33325.37,33485.29
04/05/2023,33394.60,33543.84,33376.27,33482.72
04/04/2023,33594.79,33634.72,33275.62,33402.38
04/03/2023,33245.78,33632.90,33245.78,33601.15
03/31/2023,32901.96,33291.00,32901.96,33274.15
03/30/2023,32807.43,32905.80,32682.87,32859.03
03/29/2023,32566.54,32728.04,32539.94,32717.60
03/28/2023,32434.85,32551.01,32295.50,32394.25
03/27/2023,32276.72,32564.00,32276.72,32432.08
03/24/2023,32038.22,32257.24,31805.18,32237.53
03/23/2023,32101.49,32511.49,31864.74,32105.25
03/22/2023,32570.19,32761.89,32020.46,32030.11
03/21/2023,32420.71,32593.68,32346.12,32560.60
03/20/2023,31872.33,32280.07,31872.33,32244.58
03/17/2023,32217.32,32217.32,31728.70,31861.98
03/16/2023,31827.65,32281.61,31571.46,32246.55
03/15/2023,31759.87,31906.47,31429.82,31874.57
03/14/2023,32055.29,32306.59,31805.40,32155.40
03/13/2023,31819.93,32240.35,31624.87,31819.14
03/10/2023,32185.14,32422.10,31783.41,31909.64
03/09/2023,32876.83,32990.46,32190.60,32254.86
03/08/2023,32872.08,32903.44,32612.70,32798.40
03/07/2023,33428.31,33453.25,32838.21,32856.46
03/06/2023,33425.32,33572.22,33383.47,33431.44
03/03/2023,33076.33,33405.82,33008.41,33390.97
03/02/2023,32780.97,33083.45,32665.85,33003.57
03/01/2023,32656.37,32746.15,32500.71,32661.84
02/28/2023,32873.47,32873.47,32636.43,32656.70
02/27/2023,32906.16,33189.28,32814.18,32889.09
02/24/2023,32999.19,32999.19,32643.48,32816.92
02/23/2023,33175.39,33272.40,32795.67,33153.91
02/22/2023,33169.33,33245.97,32948.27,33045.09
02/21/2023,33699.69,33699.69,33115.74,33129.59
02/17/2023,33677.01,33846.64,33517.73,33826.69
02/16/2023,33992.09,34041.16,33686.59,33696.85
02/15/2023,34008.63,34130.49,33833.10,34128.05
02/14/2023,34194.09,34331.47,33827.45,34089.27
02/13/2023,33887.39,34249.60,33887.39,34245.93
02/10/2023,33671.54,33897.31,33591.99,33869.27
02/09/2023,34105.61,34252.57,33607.13,33699.88
02/08/2023,34132.90,34161.65,33899.79,33949.01
02/07/2023,33769.78,34240.00,33634.10,34156.69
02/06/2023,33874.44,33962.84,33683.58,33891.02
02/03/2023,33926.30,34179.58,33813.86,33926.01
02/02/2023,34129.30,34145.14,33814.78,34053.94
02/01/2023,34039.60,34334.70,33581.42,34092.96
01/31/2023,33803.56,34095.23,33664.91,34086.04
01/30/2023,33909.21,34055.29,33695.18,33717.09
01/27/2023,33952.93,34164.33,33830.85,33978.08
01/26/2023,33771.66,33953.79,33635.60,33949.41
01/25/2023,33538.36,33773.09,33273.21,33743.84
01/24/2023,33444.72,33782.92,33310.56,33733.96
01/23/2023,33439.56,33782.88,33316.25,33629.56
01/20/2023,33073.46,33381.95,32948.93,33375.49
01/19/2023,33171.35,33227.49,32982.05,33044.56
01/18/2023,33948.49,34016.53,33269.90,33296.96
01/17/2023,34222.32,34269.97,33860.67,33910.85
01/13/2023,34075.31,34342.32,33915.49,34302.61
01/12/2023,34047.86,34292.67,33792.10,34189.97
01/11/2023,33754.03,33974.69,33711.04,33973.01
01/10/2023,33516.43,33726.54,33421.80,33704.10
01/09/2023,33664.39,33935.11,33487.66,33517.65
01/06/2023,33055.30,33710.66,32997.39,33630.61
01/05/2023,33191.72,33191.72,32812.33,32930.08
01/04/2023,33165.14,33409.10,33033.48,33269.77
01/03/2023,33148.90,33387.52,32850.57,33136.37
12/30/2022,33121.61,33152.55,32847.82,33147.25
12/29/2022,33021.43,33293.42,33020.35,33220.80
12/28/2022,33264.76,33379.55,32869.15,32875.71
12/27/2022,33224.23,33387.72,33069.58,33241.56
12/23/2022,32961.06,33226.14,32814.02,33203.93
12/22/2022,33233.35,33233.35,32573.43,33027.49
12/21/2022,33028.09,33437.84,33028.09,33376.48
12/20/2022,32735.24,32992.23,32649.45,32849.74
12/19/2022,32921.45,33038.94,32581.97,32757.54
12/16/2022,33166.46,33166.46,32654.59,32920.46
12/15/2022,33773.00,33773.00,33016.16,33202.22
12/14/2022,34086.07,34395.65,33704.17,33966.35
12/13/2022,34268.44,34712.28,33890.88,34108.64
12/12/2022,33519.50,34005.04,33519.50,34005.04
12/09/2022,33746.71,33844.63,33462.65,33476.46
12/08/2022,33695.97,33899.17,33642.46,33781.48
12/07/2022,33556.40,33774.27,33503.67,33597.92
12/06/2022,33936.87,34006.63,33418.59,33596.34
12/05/2022,34335.73,34335.73,33846.81,33947.10
12/02/2022,34265.45,34483.21,34039.73,34429.88
12/01/2022,34533.59,34595.51,34129.35,34395.01
11/30/2022,33795.43,34589.77,33583.77,34589.77
11/29/2022,33847.80,33933.91,33662.45,33852.53
11/28/2022,34275.91,34303.88,33799.35,33849.46
11/25/2022,34213.04,34386.51,34199.57,34347.03
11/23/2022,34091.57,34262.07,34004.64,34194.06
11/22/2022,33810.05,34115.70,33810.05,34098.10
11/21/2022,33760.30,33864.59,33559.18,33700.28
11/18/2022,33606.59,33827.94,33540.64,33745.69
11/17/2022,33329.27,33616.02,33239.75,33546.32
11/16/2022,33554.93,33682.83,33516.99,33553.83
11/15/2022,33755.94,33987.06,33320.20,33592.92
11/14/2022,33662.05,33964.30,33533.96,33536.70
11/11/2022,33797.75,33817.96,33394.43,33747.86
11/10/2022,33263.91,33727.73,33167.82,33715.37
11/09/2022,33004.47,33065.11,32478.87,32513.94
11/08/2022,32934.56,33355.39,32831.46,33160.83
11/07/2022,32454.10,32895.59,32424.99,32827.00
11/04/2022,32265.01,32611.52,31938.92,32403.22
11/03/2022,31985.05,32185.71,31727.05,32001.25
11/02/2022,32576.28,33071.93,32139.77,32147.76
11/01/2022,32862.79,32975.48,32485.23,32653.20
10/31/2022,32754.27,32883.86,32586.93,32732.95
10/28/2022,32204.31,32889.81,32158.38,32861.80
10/27/2022,32062.14,32388.42,31993.21,32033.28
10/26/2022,31738.44,32172.42,31738.44,31839.11
10/25/2022,31463.65,31876.15,31423.53,31836.74
10/24/2022,31187.32,31603.63,31161.41,31499.62
10/21/2022,30291.18,31119.27,30206.28,31082.56
10/20/2022,30411.92,30822.96,30265.20,30333.59
10/19/2022,30439.04,30662.11,30226.90,30423.81
10/18/2022,30697.52,30837.90,30301.83,30523.80
10/17/2022,30059.58,30311.95,29997.62,30185.82
10/14/2022,30192.21,30428.82,29614.30,29634.83
10/13/2022,28755.83,30168.54,28660.94,30038.72
10/12/2022,29233.06,29455.12,29136.03,29210.85
10/11/2022,29085.20,29608.42,29074.23,29239.19
10/10/2022,29419.09,29485.82,29010.41,29202.88
10/07/2022,29685.27,29685.27,29142.66,29296.79
10/06/2022,30206.13,30329.61,29859.34,29926.94
10/05/2022,30078.36,30454.46,29886.44,30273.87
10/04/2022,29826.67,30325.05,29826.67,30316.32
10/03/2022,28855.25,29647.79,28855.25,29490.89
09/30/2022,29123.03,29355.78,28715.85,28725.51
09/29/2022,29513.73,29513.73,28997.34,29225.61
09/28/2022,29198.92,29811.78,29114.97,29683.74
09/27/2022,29419.88,29659.12,28958.22,29134.99
09/26/2022,29536.84,29630.77,29161.12,29260.81
09/23/2022,29955.65,29955.65,29250.47,29590.41
09/22/2022,30204.52,30302.28,29994.53,30076.68
09/21/2022,30819.39,31020.79,30181.99,30183.78
09/20/2022,30888.53,30888.53,30465.91,30706.23
09/19/2022,30722.86,31026.89,30559.37,31019.68
09/16/2022,30866.61,30866.61,30550.08,30822.42
09/15/2022,31124.68,31277.69,30882.08,30961.82
09/14/2022,31141.02,31276.82,30885.02,31135.09
09/13/2022,32006.50,32006.50,31018.54,31104.97
09/12/2022,32159.49,32504.04,32159.49,32381.34
09/09/2022,31876.22,32227.74,31876.22,32151.71
09/08/2022,31481.95,31783.37,31321.50,31774.52
09/07/2022,31145.63,31644.34,31095.21,31581.28
09/06/2022,31343.79,31463.89,31048.46,31145.30
09/02/2022,31848.50,32026.90,31182.09,31318.44
09/01/2022,31454.58,31677.51,31219.75,31656.42
08/31/2022,31827.15,31966.04,31509.59,31510.43
08/30/2022,32163.84,32205.66,31647.22,31790.87
08/29/2022,32188.00,32325.16,31972.79,32098.99
08/26/2022,33293.43,33364.70,32278.22,32283.40
08/25/2022,33029.27,33306.09,32889.85,33291.78
08/24/2022,32899.01,33095.50,32828.56,32969.23
08/23/2022,33033.52,33138.26,32858.89,32909.59
08/22/2022,33586.59,33586.59,33007.63,33063.61
08/19/2022,33904.69,33904.69,33627.09,33706.74
08/18/2022,33981.86,34043.83,33844.46,33999.04
08/17/2022,34029.55,34161.01,33828.41,33980.32
08/16/2022,33924.35,34281.36,33852.57,34152.01
08/15/2022,33710.70,33954.71,33582.96,33912.44
08/12/2022,33430.72,33767.09,33398.32,33761.05
08/11/2022,33451.51,33651.80,33289.83,33336.67
08/10/2022,33130.63,33364.41,33130.63,33309.51
08/09/2022,32807.36,32877.53,32702.66,32774.41
08/08/2022,32877.36,33109.96,32769.10,32832.54
08/05/2022,32593.90,32814.61,32489.62,32803.47
08/04/2022,32805.69,32829.22,32652.63,32726.82
08/03/2022,32514.21,32912.74,32514.21,32812.50
08/02/2022,32691.29,32772.93,32387.12,32396.17
08/01/2022,32755.71,32972.03,32640.79,32798.40
07/29/2022,32515.62,32910.18,32493.02,32845.13
07/28/2022,32197.62,32609.54,31982.61,32529.63
07/27/2022,31865.05,32336.23,31799.43,32197.59
07/26/2022,31950.04,31950.04,31705.36,31761.54
07/25/2022,31950.93,32029.03,31821.67,31990.04
07/22/2022,32167.92,32219.25,31731.47,31899.29
07/21/2022,31826.49,32040.63,31534.08,32036.90
07/20/2022,31829.99,31944.45,31646.95,31874.84
07/19/2022,31165.91,31842.25,31165.91,31827.05
07/18/2022,31475.98,31644.68,30982.97,31072.61
07/15/2022,30775.37,31288.26,30775.37,31288.26
07/14/2022,30451.80,30680.12,30143.93,30630.17
07/13/2022,30743.63,30979.17,30514.61,30772.79
07/12/2022,31113.31,31346.10,30860.51,30981.33
07/11/2022,31277.98,31367.55,31114.40,31173.84
07/08/2022,31348.43,31511.46,31212.45,31338.15
07/07/2022,31190.65,31421.84,31154.64,31384.55
07/06/2022,30957.30,31224.69,30794.84,31037.68
07/05/2022,30903.12,30971.74,30355.12,30967.82
07/01/2022,30737.77,31139.35,30487.79,31097.26
06/30/2022,30790.00,30979.85,30431.87,30775.43
06/29/2022,31067.41,31152.96,30894.53,31029.31
06/28/2022,31549.05,31885.09,30934.33,30946.99
06/27/2022,31533.60,31598.59,31351.37,31438.26
06/24/2022,30846.94,31517.29,30846.94,31500.68
06/23/2022,30570.33,30715.63,30293.40,30677.36
06/22/2022,30352.57,30777.92,30166.01,30483.13
06/21/2022,30074.69,30653.98,30074.69,30530.25
06/17/2022,29912.70,30167.52,29653.29,29888.78
06/16/2022,30305.74,30305.74,29740.35,29927.07
06/15/2022,30570.50,31011.97,30185.08,30668.53
06/14/2022,30592.34,30690.80,30144.23,30364.83
06/13/2022,31144.91,31144.91,30373.72,30516.74
06/10/2022,32053.52,32053.52,31387.84,31392.79
06/09/2022,32828.62,32956.73,32267.78,32272.79
06/08/2022,33087.07,33156.50,32824.37,32910.90
06/07/2022,32783.03,33207.45,32641.85,33180.14
06/06/2022,33032.04,33235.37,32819.50,32915.78
06/03/2022,32986.32,33135.61,32839.21,32899.70
06/02/2022,32809.01,33248.61,32509.43,33248.28
06/01/2022,33156.31,33272.34,32584.76,32813.23
05/31/2022,33160.59,33240.22,32752.34,32990.12
05/27/2022,32735.09,33213.62,32682.01,33212.96
05/26/2022,32248.17,32774.14,32248.17,32637.19
05/25/2022,31816.31,32254.44,31754.33,32120.28
05/24/2022,31717.61,32014.86,31365.59,31928.62
05/23/2022,31395.89,31968.42,31395.89,31880.24
05/20/2022,31426.94,31515.78,30635.76,31261.90
05/19/2022,31262.62,31569.13,31016.41,31253.13
05/18/2022,32468.67,32468.67,31393.95,31490.07
05/17/2022,32427.00,32689.14,32308.15,32654.59
05/16/2022,32152.15,32514.02,31928.18,32223.42
05/13/2022,31963.86,32276.05,31862.79,32196.66
05/12/2022,31699.04,31914.46,31228.22,31730.30
05/11/2022,32123.24,32584.02,31798.86,31834.11
05/10/2022,32504.09,32752.17,31887.89,32160.74
05/09/2022,32685.17,32685.17,32121.98,32245.70
05/06/2022,32773.88,33055.84,32474.69,32899.37
05/05/2022,33854.17,33854.17,32685.10,32997.97
05/04/2022,33171.80,34117.74,33021.84,34061.06
05/03/2022,33086.09,33341.58,32914.75,33128.79
05/02/2022,32978.49,33224.95,32449.87,33061.50
04/29/2022,33787.01,33919.59,32913.15,32977.21
04/28/2022,33425.96,34054.79,33248.46,33916.39
04/27/2022,33450.92,33697.18,33108.89,33301.93
04/26/2022,33907.49,33909.51,33230.95,33240.18
04/25/2022,33731.65,34106.01,33323.37,34049.46
04/22/2022,34727.38,34727.38,33773.39,33811.40
04/21/2022,35258.80,35492.22,34723.82,34792.76
04/20/2022,34962.67,35315.40,34962.67,35160.79
04/19/2022,34394.62,34983.11,34394.62,34911.20
04/18/2022,34411.49,34618.29,34279.08,34411.69
04/14/2022,34628.46,34889.17,34437.50,34451.23
04/13/2022,34166.64,34598.36,34140.64,34564.59
04/12/2022,34412.51,34669.97,34102.81,34220.36
04/11/2022,34630.27,34701.34,34272.29,34308.08
04/08/2022,34569.24,34908.46,34470.19,34721.12
04/07/2022,34439.24,34705.83,34190.95,34583.57
04/06/2022,34520.34,34609.84,34277.17,34496.51
04/05/2022,34876.33,35112.21,34566.04,34641.18
04/04/2022,34799.98,34940.78,34615.38,34921.88
04/01/2022,34740.89,34847.91,34538.25,34818.27
03/31/2022,35201.52,35201.52,34677.99,34678.35
03/30/2022,35273.63,35361.36,35058.58,35228.81
03/29/2022,35114.35,35372.26,35030.07,35294.19
03/28/2022,34833.03,34957.93,34552.23,34955.89
03/25/2022,34702.39,34942.70,34631.52,34861.24
03/24/2022,34406.81,34713.56,34355.42,34707.94
03/23/2022,34748.84,34748.84,34352.96,34358.50
03/22/2022,34583.24,34882.03,34583.24,34807.46
03/21/2022,34669.85,34808.28,34341.81,34552.99
03/18/2022,34466.72,34755.20,34279.83,34754.93
03/17/2022,33995.39,34483.92,33896.06,34480.76
03/16/2022,33653.93,34075.94,33391.24,34063.10
03/15/2022,32989.27,33620.84,32989.27,33544.34
03/14/2022,33000.37,33395.59,32818.16,32945.24
03/11/2022,33279.72,33515.61,32911.89,32944.19
03/10/2022,33106.77,33236.59,32819.76,33174.07
03/09/2022,32860.42,33457.28,32860.42,33286.25
03/08/2022,32885.17,33402.98,32578.73,32632.64
03/07/2022,33579.75,33579.75,32806.15,32817.38
03/04/2022,33655.43,33655.43,33254.12,33614.80
03/03/2022,33972.87,34179.07,33641.53,33794.66
03/02/2022,33379.51,34013.67,33379.51,33891.35
03/01/2022,33813.48,33870.14,33107.67,33294.95
02/28/2022,33870.62,33963.63,33469.31,33892.60
02/25/2022,33277.22,34095.74,33277.22,34058.75
02/24/2022,32830.33,33269.34,32272.64,33223.83
02/23/2022,33680.97,33832.59,33084.90,33131.76
02/22/2022,33974.09,34024.74,33364.29,33596.61
02/18/2022,34310.45,34423.58,33976.18,34079.18
02/17/2022,34858.47,34858.47,34246.23,34312.03
02/16/2022,34951.83,35042.09,34642.64,34934.27
02/15/2022,34686.19,35047.79,34686.19,34988.84
02/14/2022,34694.50,34744.56,34304.28,34566.17
02/11/2022,35267.89,35431.15,34620.52,34738.06
02/10/2022,35630.81,35800.24,35100.72,35241.59
02/09/2022,35614.90,35824.28,35614.90,35768.06
02/08/2022,35160.68,35544.89,35090.42,35462.78
02/07/2022,35108.38,35325.01,34993.98,35091.13
02/04/2022,35095.74,35333.55,34799.08,35089.74
02/03/2022,35520.08,35535.94,35071.06,35111.16
02/02/2022,35378.19,35679.20,35290.12,35629.33
02/01/2022,35151.47,35441.09,34977.95,35405.24
01/31/2022,34691.17,35148.14,34496.10,35131.86
01/28/2022,34135.24,34731.77,33807.51,34725.47
01/27/2022,34261.75,34773.32,34007.78,34160.78
01/26/2022,34520.82,34815.67,33876.48,34168.09
01/25/2022,34186.64,34591.04,33545.52,34297.73
01/24/2022,34070.61,34420.99,33150.33,34364.50
01/21/2022,34701.69,34896.67,34229.55,34265.37
01/20/2022,35102.66,35490.20,34670.12,34715.39
01/19/2022,35412.30,35547.83,35015.49,35028.65
01/18/2022,35661.76,35661.76,35262.02,35368.47
01/14/2022,35996.43,35996.43,35641.49,35911.81
01/13/2022,36312.49,36513.88,36044.22,36113.62
01/12/2022,36336.16,36453.49,36168.15,36290.32
01/11/2022,36058.85,36271.47,35769.38,36252.02
01/10/2022,36175.21,36175.21,35639.91,36068.87
01/07/2022,36249.59,36382.84,36111.53,36231.66
01/06/2022,36409.05,36464.19,36200.68,36236.47
01/05/2022,36722.60,36952.65,36400.39,36407.11
01/04/2022,36636.00,36934.84,36636.00,36799.65
01/03/2022,36321.59,36595.82,36246.45,36585.06
12/31/2021,36385.85,36484.94,36303.97,36338.30
12/30/2021,36522.48,36679.44,36372.13,36398.08
12/29/2021,36421.14,36571.55,36396.19,36488.63
12/28/2021,36302.99,36527.26,36302.99,36398.21
12/27/2021,35954.48,36306.61,35954.48,36302.38
12/23/2021,35782.42,36060.99,35782.42,35950.56
12/22/2021,35491.71,35764.67,35433.13,35753.89
12/21/2021,35069.50,35508.96,35069.50,35492.70
12/20/2021,35222.12,35222.12,34665.50,34932.16
12/17/2021,35800.11,35800.11,35284.26,35365.44
12/16/2021,36036.28,36189.83,35778.21,35897.64
12/15/2021,35549.35,35943.84,35389.30,35927.43
12/14/2021,35605.73,35779.47,35441.74,35544.18
12/13/2021,35958.93,35958.93,35609.53,35650.95
12/10/2021,35830.55,35982.69,35710.43,35970.99
12/09/2021,35722.26,35864.24,35577.14,35754.69
12/08/2021,35716.85,35840.52,35602.65,35754.75
12/07/2021,35423.99,35819.47,35423.99,35719.43
12/06/2021,34633.43,35356.75,34633.43,35227.03
12/03/2021,34692.78,34801.31,34264.57,34580.08
12/02/2021,34076.25,34759.65,34076.25,34639.79
12/01/2021,34678.94,35004.64,34006.98,34022.04
11/30/2021,35056.99,35056.99,34424.44,34483.72
11/29/2021,35017.71,35287.91,34895.89,35135.94
11/26/2021,35366.69,35366.69,34749.80,34899.34
11/24/2021,35752.31,35825.47,35591.03,35804.38
11/23/2021,35619.92,35841.52,35542.87,35813.80
11/22/2021,35631.41,35929.66,35615.55,35619.25
11/19/2021,35879.09,35879.09,35555.37,35601.98
11/18/2021,35901.69,35952.63,35654.39,35870.95
11/17/2021,36159.70,36159.70,35909.48,35931.05
11/16/2021,36076.18,36316.61,36076.18,36142.22
11/15/2021,36128.83,36236.07,36031.78,36087.45
11/12/2021,35963.78,36147.63,35934.59,36100.31
11/11/2021,36038.78,36108.17,35915.27,35921.23
11/10/2021,36299.25,36346.61,36009.50,36079.94
11/09/2021,36404.53,36416.98,36173.07,36319.98
11/08/2021,36416.46,36565.73,36334.42,36432.22
11/05/2021,36268.75,36484.75,36190.20,36327.95
11/04/2021,36107.46,36168.03,35986.48,36124.23
11/03/2021,36059.09,36178.51,35891.73,36157.58
11/02/2021,35935.11,36088.81,35884.13,36052.63
11/01/2021,35833.65,36009.74,35797.97,35913.84
10/29/2021,35712.28,35852.53,35633.20,35819.56
10/28/2021,35545.41,35742.25,35545.41,35730.48
10/27/2021,35835.43,35835.43,35490.43,35490.69
10/26/2021,35791.05,35892.92,35734.73,35756.88
10/25/2021,35692.62,35787.04,35629.37,35741.15
10/22/2021,35607.72,35765.02,35533.95,35677.02
10/21/2021,35520.32,35612.36,35442.53,35603.08
10/20/2021,35475.16,35669.69,35465.71,35609.34
10/19/2021,35325.37,35462.68,35290.12,35457.31
10/18/2021,35221.02,35327.57,35035.94,35258.61
10/15/2021,35023.63,35320.97,35023.63,35294.76
10/14/2021,34443.22,34923.83,34443.22,34912.56
10/13/2021,34372.71,34449.83,34115.10,34377.81
10/12/2021,34507.15,34611.24,34318.94,34378.34
10/11/2021,34723.79,34951.35,34486.51,34496.06
10/08/2021,34757.57,34842.62,34661.95,34746.25
10/07/2021,34509.72,34975.19,34509.72,34754.94
10/06/2021,34198.96,34432.68,33854.69,34416.99
10/05/2021,34035.25,34490.95,34035.25,34314.67
10/04/2021,34312.96,34410.28,33821.58,34002.92
10/01/2021,33930.70,34490.56,33785.54,34326.46
09/30/2021,34467.98,34557.37,33833.32,33843.92
09/29/2021,34360.08,34580.42,34305.96,34390.72
09/28/2021,34747.70,34798.21,34254.65,34299.99
09/27/2021,34739.27,35061.12,34739.27,34869.37
09/24/2021,34762.31,34857.06,34648.08,34798.00
09/23/2021,34296.30,34879.78,34296.30,34764.82
09/22/2021,34006.87,34440.42,34006.87,34258.32
09/21/2021,34025.61,34313.88,33914.02,33919.84
09/20/2021,34459.72,34459.72,33613.03,33970.47
09/17/2021,34737.86,34779.86,34519.63,34584.88
09/16/2021,34810.27,34943.55,34540.11,34751.32
09/15/2021,34580.95,34880.77,34522.03,34814.39
09/14/2021,34906.90,34990.36,34510.30,34577.57
09/13/2021,34665.50,34939.10,34665.50,34869.63
09/10/2021,34949.59,35104.25,34599.61,34607.72
09/09/2021,35013.08,35199.89,34847.30,34879.38
09/08/2021,35087.45,35175.15,34925.61,35031.07
09/07/2021,35373.24,35373.24,35060.90,35100.00
09/03/2021,35401.73,35422.71,35269.40,35369.09
09/02/2021,35353.06,35475.40,35348.48,35443.82
09/01/2021,35387.55,35407.37,35287.05,35312.53
08/31/2021,35391.38,35449.79,35289.86,35360.73
08/30/2021,35471.80,35510.71,35374.46,35399.84
08/27/2021,35231.11,35479.18,35231.11,35455.80
08/26/2021,35449.68,35498.45,35205.10,35213.12
08/25/2021,35388.77,35501.14,35287.63,35405.50
08/24/2021,35382.72,35445.47,35356.18,35366.26
08/23/2021,35160.97,35428.91,35160.97,35335.71
08/20/2021,34917.96,35177.26,34867.07,35120.08
08/19/2021,34874.67,34997.81,34690.25,34894.12
08/18/2021,35310.20,35356.80,34943.41,34960.69
08/17/2021,35500.01,35500.01,35120.31,35343.28
08/16/2021,35490.83,35631.19,35231.87,35625.40
08/13/2021,35551.56,35610.57,35474.78,35515.38
08/12/2021,35481.94,35510.77,35352.53,35499.85
08/11/2021,35300.89,35501.16,35300.89,35484.97
08/10/2021,35135.17,35285.16,35091.91,35264.67
08/09/2021,35229.67,35229.67,35041.24,35101.85
08/06/2021,35077.44,35246.79,35077.44,35208.51
08/05/2021,34815.61,35067.54,34815.61,35064.25
08/04/2021,35047.44,35047.44,34790.62,34792.67
08/03/2021,34864.10,35120.94,34714.33,35116.40
08/02/2021,34968.56,35192.11,34808.20,34838.16
07/30/2021,35013.26,35106.30,34871.13,34935.47
07/29/2021,34985.99,35171.52,34985.99,35084.53
07/28/2021,35109.95,35116.37,34876.84,34930.93
07/27/2021,35078.90,35078.90,34878.07,35058.52
07/26/2021,35055.86,35150.37,34950.19,35144.31
07/23/2021,34855.11,35095.33,34855.11,35061.55
07/22/2021,34799.68,34879.28,34673.03,34823.35
07/21/2021,34556.96,34820.24,34556.96,34798.00
07/20/2021,33981.79,34621.79,33981.79,34511.99
07/19/2021,34528.48,34528.48,33741.76,33962.04
07/16/2021,35007.94,35090.01,34647.82,34687.85
07/15/2021,34924.81,34990.41,34762.87,34987.02
07/14/2021,34920.83,35069.18,34826.87,34933.23
07/13/2021,34959.96,35018.79,34876.89,34888.79
07/12/2021,34836.75,35014.90,34730.15,34996.18
07/09/2021,34457.51,34893.72,34457.51,34870.16
07/08/2021,34569.01,34569.01,34145.59,34421.93
07/07/2021,34604.17,34708.78,34435.59,34681.79
07/06/2021,34790.16,34814.20,34358.42,34577.37
07/02/2021,34642.42,34821.93,34613.49,34786.35
07/01/2021,34507.32,34640.28,34498.85,34633.53
06/30/2021,34290.74,34553.16,34245.48,34502.51
06/29/2021,34338.89,34469.83,34266.83,34292.29
06/28/2021,34428.10,34449.65,34186.13,34283.27
06/25/2021,34328.10,34501.02,34314.80,34433.84
06/24/2021,33933.91,34233.02,33933.91,34196.82
06/23/2021,33948.54,34009.40,33869.83,33874.24
06/22/2021,33872.56,34040.70,33751.06,33945.58
06/21/2021,33312.07,33908.09,33312.07,33876.97
06/18/2021,33622.70,33622.70,33271.93,33290.08
06/17/2021,34014.38,34091.79,33626.61,33823.45
06/16/2021,34308.48,34333.25,33917.11,34033.67
06/15/2021,34397.10,34420.38,34199.16,34299.33
06/14/2021,34472.52,34472.52,34211.54,34393.75
06/11/2021,34499.81,34618.09,34328.65,34479.60
06/10/2021,34502.51,34737.79,34447.25,34466.24
06/09/2021,34626.16,34654.67,34439.37,34447.14
06/08/2021,34645.84,34665.38,34452.94,34599.82
06/07/2021,34766.20,34820.91,34574.51,34630.24
06/04/2021,34618.69,34772.12,34618.69,34756.39
06/03/2021,34550.31,34667.41,34334.41,34577.04
06/02/2021,34614.62,34706.65,34545.96,34600.38
06/01/2021,34584.19,34849.32,34542.87,34575.31
05/28/2021,34558.50,34631.11,34520.09,34529.45
05/27/2021,34432.47,34608.82,34389.24,34464.64
05/26/2021,34336.34,34409.59,34271.44,34323.05
05/25/2021,34428.66,34511.35,34266.03,34312.46
05/24/2021,34253.87,34472.51,34253.87,34393.98
05/21/2021,34121.91,34415.48,34121.91,34207.84
05/20/2021,33906.30,34233.40,33872.41,34084.15
05/19/2021,33945.81,33945.81,33473.80,33896.04
05/18/2021,34351.18,34408.99,34044.10,34060.66
05/17/2021,34375.29,34383.84,34176.65,34327.79
05/14/2021,34050.86,34454.05,34050.86,34382.13
05/13/2021,33624.74,34181.77,33623.49,34021.45
05/12/2021,34206.40,34207.87,33555.22,33587.66
05/11/2021,34572.74,34572.74,34075.31,34269.16
05/10/2021,34785.27,35091.56,34741.57,34742.82
05/07/2021,34578.27,34811.39,34464.31,34777.76
05/06/2021,34245.11,34561.29,34185.06,34548.53
05/05/2021,34163.99,34331.20,34039.66,34230.34
05/04/2021,34080.20,34147.78,33765.68,34133.03
05/03/2021,33904.89,34221.06,33904.89,34113.23
04/30/2021,33988.75,33988.75,33784.96,33874.85
04/29/2021,33855.64,34087.21,33744.28,34060.36
04/28/2021,33860.46,33946.60,33805.56,33820.38
04/27/2021,33932.13,34043.98,33870.46,33984.93
04/26/2021,34044.23,34148.94,33941.37,33981.57
04/23/2021,33804.52,34157.57,33713.29,34043.49
04/22/2021,34109.88,34126.57,33717.19,33815.90
04/21/2021,33808.30,34160.34,33773.80,34137.31
04/20/2021,34034.18,34034.18,33687.01,33821.30
04/19/2021,34182.38,34182.38,33980.56,34077.63
04/16/2021,34058.16,34256.75,34058.16,34200.67
04/15/2021,33788.53,34068.73,33788.53,34035.99
04/14/2021,33668.95,33911.25,33668.95,33730.89
04/13/2021,33721.16,33741.64,33545.84,33677.27
04/12/2021,33775.06,33786.19,33665.54,33745.40
04/09/2021,33526.19,33810.87,33526.19,33800.60
04/08/2021,33469.89,33506.80,33342.64,33503.57
04/07/2021,33444.98,33521.76,33347.96,33446.26
04/06/2021,33500.02,33544.79,33380.43,33430.24
04/05/2021,33222.38,33617.95,33222.38,33527.19
04/01/2021,33054.58,33167.17,32985.35,33153.21
03/31/2021,33116.04,33173.77,32980.57,32981.55
03/30/2021,33127.88,33170.93,32988.92,33066.96
03/29/2021,33087.55,33259.00,32905.13,33171.37
03/26/2021,32681.07,33098.83,32681.07,33072.88
03/25/2021,32346.81,32672.69,32071.41,32619.48
03/24/2021,32470.88,32787.99,32418.15,32420.06
03/23/2021,32691.50,32753.77,32356.28,32423.15
03/22/2021,32601.82,32810.35,32512.53,32731.20
03/19/2021,32858.36,32858.36,32505.07,32627.97
03/18/2021,32928.16,33227.78,32831.25,32862.30
03/17/2021,32825.52,33047.58,32782.18,33015.37
03/16/2021,32966.75,32966.75,32778.23,32825.95
03/15/2021,32798.84,32973.40,32629.75,32953.46
03/12/2021,32462.40,32793.32,32462.40,32778.64
03/11/2021,32354.50,32661.59,32345.70,32485.59
03/10/2021,31906.96,32389.50,31906.96,32297.02
03/09/2021,31892.35,32150.32,31822.64,31832.74
03/08/2021,31512.15,32148.04,31512.15,31802.44
03/05/2021,31029.18,31580.33,30766.81,31496.30
03/04/2021,31289.01,31461.97,30547.53,30924.14
03/03/2021,31352.96,31563.31,31260.14,31270.09
03/02/2021,31535.37,31623.27,31377.16,31391.52
03/01/2021,31065.90,31668.34,31065.90,31535.51
02/26/2021,31401.29,31450.89,30911.37,30932.37
02/25/2021,31955.94,31984.77,31293.32,31402.01
02/24/2021,31499.75,32009.64,31421.29,31961.86
02/23/2021,31501.89,31653.38,31158.76,31537.35
02/22/2021,31381.12,31653.48,31286.57,31521.69
02/19/2021,31504.13,31647.53,31469.34,31494.32
02/18/2021,31558.60,31558.60,31285.32,31493.34
02/17/2021,31485.61,31643.70,31338.76,31613.02
02/16/2021,31472.08,31608.63,31443.48,31522.75
02/12/2021,31420.80,31475.31,31347.80,31458.40
02/11/2021,31466.49,31543.82,31244.36,31430.70
02/10/2021,31428.02,31511.44,31221.32,31437.80
02/09/2021,31359.88,31439.47,31245.86,31375.83
02/08/2021,31191.20,31386.10,31191.20,31385.76
02/05/2021,31093.81,31252.18,31083.22,31148.24
02/04/2021,30737.78,31065.96,30737.78,31055.86
02/03/2021,30689.65,30793.41,30521.31,30723.60
02/02/2021,30276.88,30840.54,30276.88,30687.48
02/01/2021,30054.73,30335.91,30014.97,30211.91
01/29/2021,30553.91,30553.91,29856.30,29982.62
01/28/2021,30377.19,30951.41,30377.19,30603.36
01/27/2021,30893.78,30893.78,30206.91,30303.17
01/26/2021,30968.55,31121.42,30921.71,30937.04
01/25/2021,30989.85,30989.85,30564.06,30960.00
01/22/2021,31141.56,31141.56,30908.47,30996.98
01/21/2021,31198.01,31272.22,31120.92,31176.01
01/20/2021,31017.54,31235.98,30997.79,31188.38
01/19/2021,30887.42,31086.62,30865.03,30930.52
01/15/2021,30926.77,30941.98,30612.67,30814.26
01/14/2021,31085.67,31223.78,30982.24,30991.52
01/13/2021,31084.88,31153.37,30992.05,31060.47
01/12/2021,31015.01,31114.56,30888.76,31068.69
01/11/2021,31015.37,31096.98,30832.06,31008.69
01/08/2021,31069.58,31140.67,30793.27,31097.97
01/07/2021,30901.18,31193.40,30897.86,31041.13
01/06/2021,30362.78,31022.65,30313.07,30829.40
01/05/2021,30204.25,30504.89,30141.78,30391.60
01/04/2021,30627.47,30674.28,29881.82,30223.89
12/31/2020,30417.64,30637.47,30344.50,30606.48
12/30/2020,30415.09,30525.35,30393.04,30409.56
12/29/2020,30492.07,30588.79,30274.24,30335.67
12/28/2020,30283.23,30525.56,30283.23,30403.97
12/24/2020,30155.92,30209.67,30099.30,30199.87
12/23/2020,30046.73,30292.53,30046.73,30129.83
12/22/2020,30200.20,30200.20,29992.89,30015.51
12/21/2020,30159.00,30304.14,29755.53,30216.45
12/18/2020,30314.26,30343.59,30029.44,30179.05
12/17/2020,30216.00,30323.78,30216.00,30303.37
12/16/2020,30191.38,30236.03,30080.11,30154.54
12/15/2020,29919.09,30243.26,29894.95,30199.31
12/14/2020,30123.91,30325.79,29849.15,29861.55
12/11/2020,29988.21,30071.13,29820.84,30046.37
12/10/2020,30032.55,30063.87,29876.82,29999.26
12/09/2020,30229.81,30319.70,29951.85,30068.81
12/08/2020,29997.95,30246.22,29972.07,30173.88
12/07/2020,30233.03,30233.03,29967.22,30069.79
12/04/2020,29989.56,30218.26,29989.56,30218.26
12/03/2020,29920.83,30110.88,29877.27,29969.52
12/02/2020,29695.09,29902.51,29599.29,29883.79
12/01/2020,29797.50,30083.31,29797.50,29823.92
11/30/2020,29854.51,29854.51,29463.64,29638.64
11/27/2020,29911.33,30015.13,29819.98,29910.37
11/25/2020,30058.87,30058.87,29806.25,29872.47
11/24/2020,29746.11,30116.51,29746.11,30046.24
11/23/2020,29332.82,29667.75,29332.82,29591.27
11/20/2020,29437.57,29469.89,29231.20,29263.48
11/19/2020,29370.92,29524.90,29228.38,29483.23
11/18/2020,29875.40,29930.85,29432.84,29438.42
11/17/2020,29800.15,29872.42,29520.29,29783.35
11/16/2020,29672.36,29964.29,29672.36,29950.44
11/13/2020,29203.90,29559.25,29203.90,29479.81
11/12/2020,29231.91,29311.83,28902.13,29080.17
11/11/2020,29524.35,29593.11,29281.22,29397.63
11/10/2020,29254.17,29478.86,29126.99,29420.92
11/09/2020,29467.90,29933.83,29130.66,29157.97
11/06/2020,28399.13,28431.96,28189.50,28323.40
11/05/2020,28083.37,28495.05,28083.37,28390.18
11/04/2020,27512.83,28301.50,27512.83,27847.66
11/03/2020,27138.69,27640.21,27138.69,27480.03
11/02/2020,26691.28,27043.48,26691.28,26925.05
10/30/2020,26572.27,26639.18,26143.77,26501.60
10/29/2020,26480.98,26891.89,26290.78,26659.11
10/28/2020,27102.14,27102.14,26497.39,26519.95
10/27/2020,27651.18,27707.69,27457.96,27463.19
10/26/2020,28185.82,28185.82,27370.16,27685.38
10/23/2020,28409.65,28436.52,28149.82,28335.57
10/22/2020,28197.42,28421.31,28040.18,28363.66
10/21/2020,28270.66,28450.64,28196.39,28210.82
10/20/2020,28245.85,28575.03,28243.04,28308.79
10/19/2020,28633.55,28711.93,28139.40,28195.42
10/16/2020,28570.72,28842.90,28570.72,28606.31
10/15/2020,28323.40,28535.85,28181.54,28494.20
10/14/2020,28731.30,28792.56,28461.73,28514.00
10/13/2020,28764.95,28808.84,28604.35,28679.81
10/12/2020,28671.12,28957.90,28659.67,28837.52
10/09/2020,28533.61,28676.29,28440.63,28586.90
10/08/2020,28348.86,28459.13,28265.56,28425.51
10/07/2020,27971.36,28369.66,27971.36,28303.46
10/06/2020,28214.24,28354.48,27728.03,27772.76
10/05/2020,27825.42,28162.64,27825.42,28148.64
10/02/2020,27536.39,27861.43,27382.94,27682.81
10/01/2020,27940.63,28041.46,27669.26,27816.90
09/30/2020,27514.64,28026.33,27511.06,27781.70
09/29/2020,27560.24,27605.60,27338.09,27452.66
09/28/2020,27362.14,27722.60,27362.14,27584.06
09/25/2020,26694.51,27239.29,26635.38,27173.96
09/24/2020,26716.09,27094.85,26537.01,26815.44
09/23/2020,27413.60,27464.46,26716.12,26763.13
09/22/2020,27170.34,27333.09,26989.93,27288.18
09/21/2020,27484.71,27484.71,26715.15,27147.70
09/18/2020,27864.87,27946.69,27487.97,27657.42
09/17/2020,27834.18,28056.79,27647.93,27901.98
09/16/2020,28031.69,28364.77,28021.67,28032.38
09/15/2020,28139.76,28231.06,27931.45,27995.60
09/14/2020,27718.74,28086.06,27718.74,27993.33
09/11/2020,27613.86,27828.82,27448.15,27665.64
09/10/2020,28022.51,28174.78,27447.08,27534.58
09/09/2020,27711.71,28206.21,27704.54,27940.47
09/08/2020,27925.23,27925.23,27464.90,27500.89
09/04/2020,28341.05,28539.75,27664.68,28133.31
09/03/2020,29090.70,29199.35,28074.76,28292.73
09/02/2020,28736.79,29162.88,28713.53,29100.50
09/01/2020,28439.61,28659.26,28290.72,28645.66
08/31/2020,28643.66,28643.66,28363.55,28430.05
08/28/2020,28601.29,28733.35,28487.98,28653.87
08/27/2020,28384.07,28634.22,28363.93,28492.27
08/26/2020,28257.88,28353.80,28153.91,28331.92
08/25/2020,28347.42,28400.74,28094.57,28248.44
08/24/2020,28077.58,28314.94,28041.75,28308.46
08/21/2020,27758.13,27959.48,27686.78,27930.33
08/20/2020,27622.68,27781.46,27526.25,27739.73
08/19/2020,27811.26,27920.42,27647.67,27692.88
08/18/2020,27853.48,27891.12,27668.79,27778.07
08/17/2020,27970.05,27999.81,27816.40,27844.91
08/14/2020,27828.93,27977.81,27759.39,27931.02
08/13/2020,27922.51,27986.10,27789.78,27896.72
08/12/2020,27860.24,28043.89,27843.32,27976.84
08/11/2020,27961.64,28154.88,27624.51,27686.91
08/10/2020,27488.21,27803.86,27488.21,27791.44
08/07/2020,27321.68,27456.24,27223.55,27433.48
08/06/2020,27170.82,27394.10,27145.25,27386.98
08/05/2020,26924.78,27221.67,26924.78,27201.52
08/04/2020,26664.61,26832.72,26597.82,26828.47
08/03/2020,26542.32,26707.26,26534.38,26664.40
07/31/2020,26409.33,26440.02,26013.59,26428.32
07/30/2020,26367.42,26374.93,25992.28,26313.65
07/29/2020,26388.44,26602.45,26375.39,26539.57
07/28/2020,26529.45,26556.84,26361.71,26379.28
07/27/2020,26447.67,26625.46,26426.92,26584.77
07/24/2020,26533.41,26625.70,26402.86,26469.89
07/23/2020,26955.97,26973.85,26560.04,26652.33
07/22/2020,26824.56,27035.24,26794.19,27005.84
07/21/2020,26833.14,27025.38,26766.22,26840.40
07/20/2020,26660.29,26765.02,26504.20,26680.87
07/17/2020,26774.62,26808.43,26619.88,26671.95
07/16/2020,26746.57,26879.16,26590.01,26734.71
07/15/2020,27009.81,27071.33,26692.48,26870.10
07/14/2020,26044.17,26690.52,25994.98,26642.59
07/13/2020,26225.07,26639.09,26044.23,26085.80
07/10/2020,25690.35,26101.32,25637.50,26075.30
07/09/2020,26094.92,26103.28,25523.51,25706.09
07/08/2020,25950.06,26109.49,25816.25,26067.28
07/07/2020,26172.01,26174.93,25866.58,25890.18
07/06/2020,25996.08,26297.53,25996.08,26287.03
07/02/2020,25936.45,26204.41,25778.12,25827.36
07/01/2020,25879.38,26019.31,25713.61,25734.97
06/30/2020,25512.43,25905.38,25475.14,25812.88
06/29/2020,25152.45,25601.15,25096.16,25595.80
06/26/2020,25641.69,25641.69,24971.03,25015.55
06/25/2020,25365.22,25769.61,25209.79,25745.60
06/24/2020,25992.96,25992.96,25296.73,25445.94
06/23/2020,26159.39,26314.97,26105.97,26156.10
06/22/2020,25865.08,26059.81,25667.68,26024.96
06/19/2020,26213.10,26451.44,25759.66,25871.46
06/18/2020,26016.45,26154.20,25848.53,26080.10
06/17/2020,26330.52,26400.07,26068.41,26119.61
06/16/2020,26326.68,26611.03,25811.70,26289.98
06/15/2020,25270.39,25891.58,24843.18,25763.16
06/12/2020,25659.42,25965.55,25078.41,25605.54
06/11/2020,26282.51,26294.08,25082.72,25128.17
06/10/2020,27251.89,27355.22,26938.05,26989.99
06/09/2020,27447.37,27447.37,27151.06,27272.30
06/08/2020,27232.93,27580.21,27232.48,27572.44
06/05/2020,26836.80,27338.30,26836.80,27110.98
06/04/2020,26226.49,26384.10,26082.31,26281.82
06/03/2020,25906.88,26337.75,25906.88,26269.89
06/02/2020,25582.52,25743.13,25523.74,25742.65
06/01/2020,25342.99,25508.83,25220.66,25475.02
05/29/2020,25324.15,25482.80,25031.67,25383.11
05/28/2020,25697.36,25758.79,25358.73,25400.64
05/27/2020,25298.63,25551.56,25009.87,25548.27
05/26/2020,24781.84,25176.42,24781.84,24995.11
05/22/2020,24461.98,24481.64,24294.07,24465.16
05/21/2020,24564.27,24718.46,24370.88,24474.12
05/20/2020,24455.94,24649.48,24455.94,24575.90
05/19/2020,24577.48,24599.50,24202.96,24206.86
05/18/2020,24059.98,24708.54,24059.98,24597.37
05/15/2020,23454.83,23730.08,23354.15,23685.42
05/14/2020,23049.06,23630.86,22789.62,23625.34
05/13/2020,23702.16,23708.90,23067.64,23247.97
05/12/2020,24292.84,24382.09,23761.58,23764.78
05/11/2020,24256.45,24366.21,24070.22,24221.99
05/08/2020,24107.82,24349.90,24107.05,24331.32
05/07/2020,23837.21,24094.62,23834.39,23875.89
05/06/2020,23978.88,24054.59,23661.14,23664.64
05/05/2020,23958.88,24169.72,23868.91,23883.09
05/04/2020,23581.55,23769.56,23361.16,23749.76
05/01/2020,24120.78,24120.78,23645.30,23723.69
04/30/2020,24585.57,24585.57,24186.90,24345.72
04/29/2020,24490.37,24764.77,24453.99,24633.86
04/28/2020,24357.17,24512.24,24031.20,24101.55
04/27/2020,23866.15,24207.65,23840.61,24133.78
04/24/2020,23628.24,23826.00,23417.68,23775.27
04/23/2020,23543.09,23885.36,23483.35,23515.26
04/22/2020,23437.34,23613.10,23339.60,23475.82
04/21/2020,23365.25,23365.25,22941.88,23018.88
04/20/2020,24095.10,24108.69,23627.19,23650.44
04/17/2020,23817.15,24264.21,23817.15,24242.49
04/16/2020,23543.66,23598.08,23211.38,23537.68
04/15/2020,23600.72,23649.72,23233.32,23504.35
04/14/2020,23690.57,24040.58,23683.44,23949.76
04/13/2020,23698.93,23698.93,23095.35,23390.77
04/09/2020,23690.66,24008.99,23504.09,23719.37
04/08/2020,22893.47,23513.40,22682.99,23433.57
04/07/2020,23537.44,23617.24,22634.45,22653.86
04/06/2020,21693.63,22783.45,21693.63,22679.99
04/03/2020,21285.93,21447.81,20863.09,21052.53
04/02/2020,20819.46,21477.77,20735.02,21413.44
04/01/2020,21227.38,21487.24,20784.43,20943.51
03/31/2020,22208.42,22480.37,21852.08,21917.16
03/30/2020,21678.22,22378.09,21522.08,22327.48
03/27/2020,21898.47,22327.57,21469.27,21636.78
03/26/2020,21468.38,22595.06,21427.10,22552.17
03/25/2020,21050.34,22019.93,20538.34,21200.55
03/24/2020,19722.19,20737.70,19649.25,20704.91
03/23/2020,19028.36,19121.01,18213.65,18591.93
03/20/2020,20253.15,20531.26,19094.27,19173.98
03/19/2020,19830.01,20442.63,19177.13,20087.19
03/18/2020,20188.69,20489.33,18917.46,19898.92
03/17/2020,20487.05,21379.35,19882.26,21237.38
03/16/2020,20917.53,21768.28,20116.46,20188.52
03/13/2020,21973.82,23189.76,21285.37,23185.62
03/12/2020,22184.71,22837.95,21154.46,21200.62
03/11/2020,24604.63,24604.63,23328.32,23553.22
03/10/2020,24453.00,25020.99,23690.34,25018.16
03/09/2020,24992.36,24992.36,23706.07,23851.02
03/06/2020,25457.21,25994.38,25226.62,25864.78
03/05/2020,26671.92,26671.92,25943.33,26121.28
03/04/2020,26383.68,27102.34,26286.31,27090.86
03/03/2020,26762.47,27084.59,25706.28,25917.41
03/02/2020,25590.51,26706.17,25391.96,26703.32
02/28/2020,25270.83,25494.24,24681.01,25409.36
02/27/2020,26526.00,26775.31,25752.82,25766.64
02/26/2020,27159.46,27542.78,26890.97,26957.59
02/25/2020,28037.65,28149.20,26997.62,27081.36
02/24/2020,28402.93,28402.93,27912.44,27960.80
02/21/2020,29146.53,29146.53,28892.70,28992.41
02/20/2020,29296.25,29368.45,28959.65,29219.98
02/19/2020,29312.70,29409.09,29274.38,29348.03
02/18/2020,29282.78,29330.16,29116.81,29232.19
02/14/2020,29440.47,29463.04,29283.18,29398.08
02/13/2020,29436.03,29535.40,29345.93,29423.31
02/12/2020,29406.75,29568.57,29406.75,29551.42
02/11/2020,29390.71,29415.39,29210.47,29276.34
02/10/2020,28995.66,29278.07,28995.66,29276.82
02/07/2020,29286.92,29286.92,29056.98,29102.51
02/06/2020,29388.58,29408.05,29246.93,29379.77
02/05/2020,29048.73,29308.89,29000.85,29290.85
02/04/2020,28696.74,28904.88,28696.74,28807.63
02/03/2020,28319.65,28630.39,28319.65,28399.81
01/31/2020,28813.04,28813.04,28169.53,28256.03
01/30/2020,28640.16,28879.71,28489.76,28859.44
01/29/2020,28820.53,28944.24,28728.19,28734.45
01/28/2020,28594.28,28823.23,28575.75,28722.85
01/27/2020,28542.49,28671.79,28440.47,28535.80
01/24/2020,29230.39,29288.79,28843.31,28989.73
01/23/2020,29111.02,29190.47,28966.98,29160.09
01/22/2020,29263.63,29320.20,29172.26,29186.27
01/21/2020,29269.05,29341.21,29146.47,29196.04
01/17/2020,29313.31,29373.62,29289.91,29348.10
01/16/2020,29131.95,29300.32,29131.95,29297.64
01/15/2020,28901.80,29127.59,28897.35,29030.22
01/14/2020,28895.50,29054.16,28872.27,28939.67
01/13/2020,28869.01,28909.91,28819.43,28907.05
01/10/2020,28977.52,29009.07,28789.10,28823.77
01/09/2020,28851.97,28988.01,28844.31,28956.90
01/08/2020,28556.14,28866.18,28522.51,28745.09
01/07/2020,28639.18,28685.50,28565.28,28583.68
01/06/2020,28465.50,28708.02,28418.63,28703.38
01/03/2020,28553.33,28716.31,28500.36,28634.88
01/02/2020,28638.97,28872.80,28627.77,28868.80
12/31/2019,28414.64,28547.35,28376.49,28538.44
12/30/2019,28654.76,28664.69,28428.98,28462.14
12/27/2019,28675.34,28701.66,28608.98,28645.26
12/26/2019,28539.46,28624.10,28535.15,28621.39
12/24/2019,28572.57,28576.80,28503.21,28515.45
12/23/2019,28491.78,28582.49,28491.78,28551.53
12/20/2019,28608.64,28608.64,28445.60,28455.09
12/19/2019,28278.31,28381.48,28278.24,28376.96
12/18/2019,28291.44,28323.25,28239.28,28239.28
12/17/2019,28221.75,28328.63,28220.56,28267.16
12/16/2019,28191.67,28337.49,28191.67,28235.89
12/13/2019,28123.64,28290.73,28028.32,28135.38
12/12/2019,27898.34,28224.95,27859.87,28132.05
12/11/2019,27867.31,27925.50,27801.80,27911.30
12/10/2019,27900.65,27949.02,27804.00,27881.72
12/09/2019,27987.05,28010.42,27906.14,27909.60
12/06/2019,27839.68,28035.85,27839.68,28015.06
12/05/2019,27736.05,27745.20,27562.80,27677.79
12/04/2019,27634.63,27727.45,27612.08,27649.78
12/03/2019,27501.98,27524.74,27325.13,27502.81
12/02/2019,28109.74,28109.84,27782.35,27783.04
11/29/2019,28103.16,28119.51,28042.53,28051.41
11/27/2019,28156.47,28174.97,28075.23,28164.00
11/26/2019,28080.75,28146.02,28042.21,28121.68
11/25/2019,27917.77,28068.69,27917.77,28066.47
11/22/2019,27831.23,27898.46,27773.98,27875.62
11/21/2019,27820.28,27828.33,27708.34,27766.29
11/20/2019,27879.55,27897.28,27675.28,27821.09
11/19/2019,28079.76,28090.21,27894.52,27934.02
11/18/2019,27993.22,28040.97,27969.24,28036.22
11/15/2019,27843.54,28004.89,27843.54,28004.89
11/14/2019,27757.20,27800.71,27676.97,27781.96
11/13/2019,27622.04,27806.40,27587.20,27783.59
11/12/2019,27701.59,27770.86,27635.32,27691.49
11/11/2019,27580.66,27714.39,27517.67,27691.49
11/08/2019,27686.20,27694.95,27578.97,27681.24
11/07/2019,27590.16,27774.67,27590.16,27674.80
11/06/2019,27502.74,27526.05,27407.81,27492.56
11/05/2019,27500.23,27560.36,27453.55,27492.63
11/04/2019,27402.06,27517.58,27402.06,27462.11
11/01/2019,27142.95,27347.43,27142.95,27347.36
10/31/2019,27188.37,27188.37,26918.29,27046.23
10/30/2019,27110.71,27204.36,26999.64,27186.69
10/29/2019,27061.07,27165.94,27039.76,27071.42
10/28/2019,27040.33,27167.88,27028.71,27090.72
10/25/2019,26789.61,27015.37,26765.68,26958.06
10/24/2019,26893.93,26931.78,26714.34,26805.53
10/23/2019,26835.24,26896.89,26745.00,26833.95
10/22/2019,26850.43,26946.64,26782.61,26788.10
10/21/2019,26852.67,26852.67,26747.62,26827.64
10/18/2019,27004.49,27018.25,26770.13,26770.20
10/17/2019,27032.38,27112.16,26970.29,27025.88
10/16/2019,26972.31,27058.34,26943.29,27001.98
10/15/2019,26811.20,27120.11,26811.20,27024.80
10/14/2019,26766.43,26874.33,26749.18,26787.36
10/11/2019,26694.20,27013.97,26694.20,26816.59
10/10/2019,26317.35,26603.31,26314.51,26496.67
10/09/2019,26308.23,26424.31,26249.75,26346.01
10/08/2019,26276.59,26421.81,26139.80,26164.04
10/07/2019,26502.33,26655.84,26424.54,26478.02
10/04/2019,26271.70,26590.74,26271.70,26573.72
10/03/2019,26039.02,26205.20,25743.46,26201.04
10/02/2019,26425.86,26438.04,25974.12,26078.62
10/01/2019,26962.54,27046.21,26562.22,26573.04
09/30/2019,26852.33,26998.86,26852.33,26916.83
09/27/2019,26987.26,27012.54,26715.82,26820.25
09/26/2019,27004.11,27015.07,26803.84,26891.12
09/25/2019,26866.71,27016.56,26755.86,26970.71
09/24/2019,27034.07,27079.68,26704.96,26807.77
09/23/2019,26851.45,27011.07,26831.34,26949.99
09/20/2019,27102.18,27194.75,26926.68,26935.07
09/19/2019,27186.05,27272.17,27064.21,27094.79
09/18/2019,27075.39,27161.93,26899.15,27147.08
09/17/2019,27010.12,27110.80,26984.14,27110.80
09/16/2019,27146.06,27172.87,27032.56,27076.82
09/13/2019,27216.67,27277.55,27193.95,27219.52
09/12/2019,27197.32,27306.73,27105.01,27182.45
09/11/2019,26928.05,27137.04,26885.48,27137.04
09/10/2019,26805.83,26909.43,26717.05,26909.43
09/09/2019,26866.23,26900.83,26762.18,26835.51
09/06/2019,26790.25,26860.87,26708.39,26797.46
09/05/2019,26603.15,26836.30,26603.15,26728.15
09/04/2019,26301.99,26362.35,26244.44,26355.47
09/03/2019,26198.26,26198.26,25978.22,26118.02
08/30/2019,26476.39,26514.62,26295.59,26403.28
08/29/2019,26249.09,26408.84,26185.71,26362.25
08/28/2019,25712.99,26041.57,25637.43,26036.10
08/27/2019,26014.46,26054.02,25721.85,25777.90
08/26/2019,25826.05,25941.25,25716.39,25898.83
08/23/2019,26134.21,26320.29,25507.18,25628.90
08/22/2019,26271.64,26388.78,26099.01,26252.24
08/21/2019,26145.36,26268.32,26141.77,26202.73
08/20/2019,26086.86,26160.12,25952.00,25962.44
08/19/2019,26020.06,26222.32,26020.06,26135.79
08/16/2019,25678.17,25929.65,25678.17,25886.01
08/15/2019,25514.25,25639.69,25339.60,25579.39
08/14/2019,26035.08,26035.08,25471.59,25479.42
08/13/2019,25888.88,26426.97,25833.25,26279.91
08/12/2019,26169.91,26178.95,25824.94,25907.37
08/09/2019,26337.09,26413.36,26097.64,26287.44
08/08/2019,26086.52,26383.61,26038.10,26378.19
08/07/2019,25814.22,26073.21,25440.39,26007.07
08/06/2019,25810.62,26038.68,25710.87,26029.52
08/05/2019,26259.23,26259.23,25523.38,25717.74
08/02/2019,26528.66,26570.02,26249.22,26485.01
08/01/2019,26879.86,27175.59,26548.71,26583.42
07/31/2019,27244.67,27281.65,26719.60,26864.27
07/30/2019,27145.39,27224.36,27069.86,27198.02
07/29/2019,27192.24,27275.85,27178.06,27221.35
07/26/2019,27166.00,27213.70,27123.25,27192.45
07/25/2019,27247.39,27298.43,27062.48,27140.98
07/24/2019,27262.24,27291.04,27191.12,27269.97
07/23/2019,27231.86,27368.81,27204.58,27349.19
07/22/2019,27174.18,27227.77,27088.90,27171.90
07/19/2019,27246.38,27342.96,27145.78,27154.20
07/18/2019,27191.98,27266.81,27068.79,27222.97
07/17/2019,27320.91,27343.06,27218.38,27219.85
07/16/2019,27349.32,27398.68,27290.24,27335.63
07/15/2019,27364.69,27364.69,27294.17,27359.16
07/12/2019,27139.49,27333.79,27135.45,27332.03
07/11/2019,26950.16,27088.45,26916.32,27088.08
07/10/2019,26851.96,26983.45,26813.11,26860.20
07/09/2019,26725.12,26807.70,26665.57,26783.49
07/08/2019,26835.64,26839.14,26744.87,26806.14
07/05/2019,26867.75,26950.81,26733.33,26922.12
07/03/2019,26832.32,26966.00,26831.44,26966.00
07/02/2019,26719.53,26787.56,26632.65,26786.68
07/01/2019,26805.86,26890.64,26616.21,26717.43
06/28/2019,26605.93,26638.35,26522.27,26599.96
06/27/2019,26523.72,26607.24,26465.32,26526.58
06/26/2019,26599.42,26660.04,26536.33,26536.82
06/25/2019,26731.61,26752.31,26527.66,26548.22
06/24/2019,26727.61,26806.52,26723.37,26727.54
06/21/2019,26749.12,26907.37,26705.87,26719.13
06/20/2019,26665.38,26798.63,26539.69,26753.17
06/19/2019,26490.16,26569.75,26415.05,26504.00
06/18/2019,26228.88,26527.19,26227.76,26465.54
06/17/2019,26108.53,26165.78,26049.80,26112.53
06/14/2019,26076.36,26162.28,25988.09,26089.61
06/13/2019,26036.94,26146.91,25995.71,26106.77
06/12/2019,26040.30,26082.10,25958.66,26004.83
06/11/2019,26180.59,26248.67,25998.87,26048.51
06/10/2019,26090.22,26210.61,26054.31,26062.68
06/07/2019,25768.72,26072.75,25768.72,25983.94
06/06/2019,25567.45,25800.30,25518.05,25720.66
06/05/2019,25451.00,25544.66,25373.58,25539.57
06/04/2019,24962.82,25343.77,24962.82,25332.18
06/03/2019,24830.16,24935.21,24680.57,24819.78
05/31/2019,25046.31,25046.31,24809.51,24815.04
05/30/2019,25139.94,25218.54,25066.75,25169.88
05/29/2019,25231.46,25231.46,24938.24,25126.41
05/28/2019,25616.55,25717.63,25342.28,25347.77
05/24/2019,25551.07,25670.81,25496.20,25585.69
05/23/2019,25657.99,25657.99,25328.09,25490.47
05/22/2019,25818.46,25878.21,25755.11,25776.61
05/21/2019,25782.34,25898.27,25779.61,25877.33
05/20/2019,25655.31,25751.71,25560.55,25679.90
05/17/2019,25719.95,25948.74,25657.78,25764.00
05/16/2019,25692.14,25957.63,25692.14,25862.68
05/15/2019,25400.13,25724.89,25341.94,25648.02
05/14/2019,25384.03,25688.96,25384.03,25532.05
05/13/2019,25568.06,25568.06,25222.51,25324.99
05/10/2019,25763.72,26019.32,25469.86,25942.37
05/09/2019,25878.85,25884.89,25517.39,25828.36
05/08/2019,25933.79,26118.10,25889.41,25967.33
05/07/2019,26276.90,26276.90,25789.71,25965.09
05/06/2019,26160.62,26476.27,26033.95,26438.48
05/03/2019,26379.14,26534.96,26370.09,26504.95
05/02/2019,26407.15,26454.69,26180.36,26307.79
05/01/2019,26639.06,26689.39,26426.38,26430.14
04/30/2019,26594.56,26614.04,26419.47,26592.91
04/29/2019,26559.87,26602.54,26520.75,26554.39
04/26/2019,26454.62,26543.56,26392.55,26543.33
04/25/2019,26426.37,26536.48,26310.28,26462.08
04/24/2019,26652.56,26680.58,26582.86,26597.05
04/23/2019,26513.83,26695.96,26503.56,26656.39
04/22/2019,26510.77,26553.05,26458.61,26511.05
04/18/2019,26463.37,26602.42,26444.53,26559.54
04/17/2019,26468.53,26501.02,26391.86,26449.54
04/16/2019,26482.19,26530.71,26397.19,26452.66
04/15/2019,26407.76,26424.85,26316.42,26384.77
04/12/2019,26357.79,26436.68,26309.72,26412.30
04/11/2019,26188.21,26229.88,26062.59,26143.05
04/10/2019,26173.71,26209.49,26101.24,26157.16
04/09/2019,26243.54,26246.34,26103.14,26150.58
04/08/2019,26312.67,26344.65,26246.03,26341.02
04/05/2019,26427.56,26487.57,26370.82,26424.99
04/04/2019,26213.42,26398.90,26212.78,26384.63
04/03/2019,26238.03,26282.17,26138.47,26218.13
04/02/2019,26213.55,26221.24,26122.31,26179.13
04/01/2019,26075.10,26280.90,26071.69,26258.42
03/29/2019,25827.31,25949.32,25771.67,25928.68
03/28/2019,25693.32,25743.41,25576.69,25717.46
03/27/2019,25676.34,25758.17,25425.27,25625.59
03/26/2019,25649.56,25796.29,25544.78,25657.73
03/25/2019,25490.72,25603.27,25372.26,25516.83
03/22/2019,25844.65,25877.01,25501.45,25502.32
03/21/2019,25688.44,26009.90,25657.78,25962.51
03/20/2019,25867.79,25929.52,25670.63,25745.67
03/19/2019,25987.87,26109.68,25814.92,25887.38
03/18/2019,25801.88,25924.77,25785.66,25914.10
03/15/2019,25720.96,25927.91,25649.70,25848.87
03/14/2019,25692.31,25752.84,25621.31,25709.94
03/13/2019,25637.23,25776.49,25571.31,25702.89
03/12/2019,25600.30,25675.44,25522.17,25554.66
03/11/2019,25208.00,25661.63,25208.00,25650.88
03/08/2019,25347.38,25466.14,25252.46,25450.24
03/07/2019,25645.45,25645.45,25352.55,25473.23
03/06/2019,25818.76,25837.61,25633.71,25673.46
03/05/2019,25829.07,25877.15,25725.63,25806.63
03/04/2019,26122.19,26155.98,25611.55,25819.65
03/01/2019,26019.67,26143.92,25914.37,26026.32
02/28/2019,25984.28,26029.21,25896.56,25916.00
02/27/2019,25995.60,26039.68,25877.24,25985.16
02/26/2019,26051.61,26155.29,25966.01,26057.98
02/25/2019,26126.15,26241.42,26080.66,26091.95
02/22/2019,25906.27,26052.90,25906.27,26031.81
02/21/2019,25922.41,25938.88,25762.21,25850.63
02/20/2019,25872.26,25986.20,25846.48,25954.44
02/19/2019,25849.85,25961.44,25820.01,25891.32
02/15/2019,25564.63,25883.72,25564.63,25883.25
02/14/2019,25460.65,25558.90,25308.09,25439.39
02/13/2019,25480.86,25625.95,25480.86,25543.27
02/12/2019,25152.03,25458.98,25152.03,25425.76
02/11/2019,25142.81,25196.75,25009.10,25053.11
02/08/2019,25042.36,25106.39,24883.04,25106.33
02/07/2019,25265.81,25314.26,25000.52,25169.53
02/06/2019,25371.57,25439.04,25312.06,25390.30
02/05/2019,25287.93,25427.32,25287.65,25411.52
02/04/2019,25062.12,25239.91,24977.67,25239.37
02/01/2019,25025.31,25193.15,24982.49,25063.89
01/31/2019,24954.48,25049.62,24842.09,24999.67
01/30/2019,24826.52,25109.62,24790.90,25014.86
01/29/2019,24519.62,24674.87,24504.04,24579.96
01/28/2019,24596.98,24596.98,24323.94,24528.22
01/25/2019,24687.21,24860.15,24676.75,24737.20
01/24/2019,24579.96,24626.30,24422.73,24553.24
01/23/2019,24577.25,24700.98,24307.17,24575.62
01/22/2019,24607.76,24607.76,24244.31,24404.48
01/18/2019,24534.19,24750.22,24459.03,24706.35
01/17/2019,24147.09,24474.46,24088.90,24370.10
01/16/2019,24139.91,24288.61,24119.72,24207.16
01/15/2019,23914.11,24099.14,23887.93,24065.59
01/14/2019,23880.53,23964.90,23765.24,23909.84
01/11/2019,23940.01,23996.32,23798.16,23995.95
01/10/2019,23811.11,24014.78,23703.25,24001.92
01/09/2019,23844.27,23985.45,23776.56,23879.12
01/08/2019,23680.32,23864.65,23581.45,23787.45
01/07/2019,23474.26,23687.74,23301.59,23531.35
01/04/2019,22894.92,23518.64,22894.92,23433.16
01/03/2019,23176.39,23176.39,22638.41,22686.22
01/02/2019,23058.61,23413.47,22928.59,23346.24
12/31/2018,23153.94,23333.18,23118.30,23327.46
12/28/2018,23213.61,23381.88,22981.33,23062.40
12/27/2018,22629.06,23138.89,22267.42,23138.82
12/26/2018,21857.73,22878.92,21712.53,22878.45
12/24/2018,22317.28,22339.87,21792.20,21792.20
12/21/2018,22871.74,23254.59,22396.34,22445.37
12/20/2018,23224.12,23282.20,22644.31,22859.60
12/19/2018,23693.33,24057.34,23162.64,23323.66
12/18/2018,23769.13,23927.77,23516.02,23675.64
12/17/2018,23986.83,24088.08,23456.88,23592.98
12/14/2018,24408.04,24431.14,24033.79,24100.51
12/13/2018,24575.86,24740.96,24473.29,24597.38
12/12/2018,24509.09,24828.29,24509.09,24527.27
12/11/2018,24719.91,24791.26,24221.06,24370.24
12/10/2018,24360.95,24500.81,23881.37,24423.26
12/07/2018,24918.82,25095.62,24284.78,24388.95
12/06/2018,24737.42,24951.01,24242.22,24947.67
12/04/2018,25752.56,25773.12,25008.11,25027.07
12/03/2018,25779.57,25980.21,25670.51,25826.43
11/30/2018,25307.14,25549.71,25250.97,25538.46
11/29/2018,25343.65,25479.04,25202.79,25338.84
11/28/2018,24832.84,25368.93,24832.84,25366.43
11/27/2018,24557.02,24750.73,24416.03,24748.73
11/26/2018,24364.13,24673.29,24364.13,24640.24
11/23/2018,24336.40,24408.80,24268.74,24285.95
11/21/2018,24541.65,24669.79,24463.28,24464.69
11/20/2018,24618.68,24707.26,24368.98,24465.64
11/19/2018,25392.61,25392.61,24900.98,25017.44
11/16/2018,25242.35,25510.23,25147.80,25413.22
11/15/2018,25061.48,25354.56,24787.79,25289.27
11/14/2018,25388.08,25501.29,24935.82,25080.50
11/13/2018,25321.21,25511.03,25193.78,25286.49
11/12/2018,25959.33,25966.71,25340.51,25387.18
11/09/2018,26149.11,26161.49,25882.91,25989.30
11/08/2018,26139.59,26277.82,26081.90,26191.22
11/07/2018,25788.46,26200.14,25765.88,26180.30
11/06/2018,25452.83,25651.86,25444.90,25635.01
11/05/2018,25261.47,25507.35,25261.47,25461.70
11/02/2018,25443.60,25578.98,25078.72,25270.83
11/01/2018,25142.08,25396.47,25108.11,25380.74
10/31/2018,25008.82,25336.55,25008.82,25115.76
10/30/2018,24482.04,24906.68,24415.69,24874.64
10/29/2018,24818.98,25040.58,24122.23,24442.92
10/26/2018,24770.25,24916.16,24445.19,24688.31
10/25/2018,24736.54,25104.29,24645.56,24984.55
10/24/2018,25172.88,25306.23,24533.19,24583.42
10/23/2018,25038.46,25307.70,24768.79,25191.43
10/22/2018,25492.14,25561.34,25236.05,25317.41
10/19/2018,25421.09,25608.71,25350.02,25444.34
10/18/2018,25645.56,25691.46,25236.01,25379.45
10/17/2018,25705.87,25810.09,25479.16,25706.68
10/16/2018,25351.53,25817.68,25351.53,25798.42
10/15/2018,25332.46,25482.42,25243.88,25250.55
10/12/2018,25407.63,25467.55,25000.83,25339.99
10/11/2018,25518.39,25683.64,24899.77,25052.83
10/10/2018,26441.73,26441.73,25593.65,25598.74
10/09/2018,26469.19,26539.94,26324.16,26430.57
10/08/2018,26399.45,26529.35,26223.09,26486.78
10/05/2018,26632.77,26676.16,26301.81,26447.05
10/04/2018,26784.08,26793.82,26471.61,26627.48
10/03/2018,26833.47,26951.81,26789.08,26828.39
10/02/2018,26648.91,26824.78,26627.66,26773.94
10/01/2018,26598.36,26737.98,26596.05,26651.21
09/28/2018,26407.66,26515.76,26383.57,26458.31
09/27/2018,26418.27,26557.01,26379.95,26439.93
09/26/2018,26536.86,26606.09,26349.34,26385.28
09/25/2018,26601.58,26634.85,26475.58,26492.21
09/24/2018,26705.25,26709.94,26548.68,26562.05
09/21/2018,26726.25,26769.16,26680.37,26743.50
09/20/2018,26519.39,26697.49,26519.39,26656.98
09/19/2018,26287.84,26464.41,26280.76,26405.76
09/18/2018,26076.21,26317.34,26076.21,26246.96
09/17/2018,26151.66,26184.47,26030.35,26062.12
09/14/2018,26169.56,26211.11,26068.29,26154.67
09/13/2018,26083.94,26191.64,26067.08,26145.99
09/12/2018,25989.07,26145.72,25929.43,25998.92
09/11/2018,25841.14,26019.92,25754.32,25971.06
09/10/2018,25991.91,26039.96,25854.13,25857.07
09/07/2018,25951.02,26002.99,25818.39,25916.54
09/06/2018,25973.02,26073.68,25880.84,25995.87
09/05/2018,25919.84,26011.22,25871.04,25974.99
09/04/2018,25916.07,25971.77,25805.95,25952.48
08/31/2018,25964.85,26028.83,25879.77,25964.82
08/30/2018,26099.01,26104.37,25934.80,25986.92
08/29/2018,26082.53,26167.94,26035.30,26124.57
08/28/2018,26092.70,26122.24,26037.85,26064.02
08/27/2018,25882.71,26067.57,25882.71,26049.64
08/24/2018,25688.58,25826.05,25688.58,25790.35
08/23/2018,25714.86,25762.56,25608.02,25656.98
08/22/2018,25825.06,25836.16,25722.43,25733.60
08/21/2018,25786.99,25888.82,25784.90,25822.29
08/20/2018,25727.70,25790.17,25716.41,25758.69
08/17/2018,25550.80,25728.16,25521.66,25669.32
08/16/2018,25294.97,25607.34,25294.97,25558.73
08/15/2018,25235.37,25235.37,24965.77,25162.41
08/14/2018,25215.69,25339.51,25201.87,25299.92
08/13/2018,25327.19,25381.39,25153.93,25187.70
08/10/2018,25401.19,25401.19,25222.88,25313.14
08/09/2018,25589.79,25613.31,25492.69,25509.23
08/08/2018,25615.72,25634.11,25557.48,25583.75
08/07/2018,25551.65,25692.72,25551.65,25628.91
08/06/2018,25437.43,25540.02,25381.38,25502.18
08/03/2018,25360.37,25467.90,25325.17,25462.58
08/02/2018,25256.45,25360.48,25120.07,25326.16
08/01/2018,25461.63,25488.80,25278.32,25333.82
07/31/2018,25345.21,25490.98,25345.21,25415.19
07/30/2018,25439.32,25500.16,25287.38,25306.83
07/27/2018,25520.52,25580.22,25370.07,25451.06
07/26/2018,25468.55,25587.24,25463.16,25527.07
07/25/2018,25183.70,25432.87,25113.55,25414.10
07/24/2018,25092.43,25286.62,25092.43,25241.94
07/23/2018,25036.90,25081.45,24983.33,25044.29
07/20/2018,25041.14,25124.10,24986.35,25058.12
07/19/2018,25139.15,25154.17,25052.62,25064.50
07/18/2018,25133.79,25215.32,25101.12,25199.29
07/17/2018,25033.92,25155.39,24989.61,25119.89
07/16/2018,25025.58,25072.41,24979.64,25064.36
07/13/2018,24926.07,25043.21,24890.06,25019.41
07/12/2018,24802.90,24939.97,24802.90,24924.89
07/11/2018,24789.48,24815.16,24663.82,24700.45
07/10/2018,24806.97,24945.38,24806.97,24919.66
07/09/2018,24519.20,24796.52,24518.43,24776.59
07/06/2018,24352.47,24520.29,24281.47,24456.48
07/05/2018,24285.82,24372.80,24177.44,24356.74
